{
  "proper_motion": {
    "mean_mas_yr": 61.14852401698651,
    "mean_ci": [
      49.400555216407156,
      73.63424813788326
    ],
    "median_mas_yr": 27.73084924772409,
    "median_ci": [
      27.65863337187866,
      28.0713376952364
    ],
    "n_measured": 83
  }
}
