{
  "designation": "J143046.35-025927.8",
  "ls_parallax_mas": 97.21621315469133,
  "ls_parallax_err_mas": 17.932263523643492,
  "mcmc_median_mas": 100.59826390901331,
  "mcmc_16_mas": 85.92867608995293,
  "mcmc_84_mas": 116.99334422318624,
  "n_epochs": 80,
  "baseline_years": 9.198470777914622
}
