{
  "temperature": {
    "n_sources": 99,
    "mean_T": 264.9108789250326,
    "std_T": 36.124661381279836,
    "min_T": 205.0236840006288,
    "max_T": 465.84525315486167,
    "median_T": 264.03007153448374,
    "T_bins": [
      [
        0,
        250,
        24.0
      ],
      [
        250,
        300,
        63.0
      ],
      [
        300,
        350,
        11.0
      ],
      [
        350,
        400,
        0.0
      ],
      [
        400,
        500,
        1.0
      ],
      [
        500,
        600,
        0.0
      ],
      [
        600,
        1000,
        0.0
      ]
    ],
    "frac_below_300K": 0.8787878787878788,
    "ks_vs_uniform": {
      "statistic": 0.7084739545745692,
      "pvalue": 1.4180169537453878e-50
    }
  },
  "proper_motion": {
    "n_sources": 100,
    "mean_pm": 215.85825867889665,
    "std_pm": 149.1410496375307,
    "min_pm": 0.0,
    "max_pm": 663.4832326442018,
    "median_pm": 219.04991646855154,
    "pm_bins": [
      [
        0,
        50,
        16.0
      ],
      [
        50,
        100,
        15.0
      ],
      [
        100,
        200,
        17.0
      ],
      [
        200,
        300,
        19.0
      ],
      [
        300,
        500,
        30.0
      ],
      [
        500,
        1000,
        3.0
      ]
    ],
    "frac_high_pm": 0.52,
    "ks_vs_rayleigh": {
      "statistic": 0.41626184792643994,
      "pvalue": 3.3124723228180863e-16
    }
  },
  "sky": {
    "n_sources": 100,
    "mean_l": 199.35673733478185,
    "mean_b": -15.018445027906301,
    "frac_high_lat": 0.76,
    "frac_low_lat": 0.03,
    "ks_vs_isotropic": {
      "statistic": 0.1638891584186919,
      "pvalue": 0.008153942973942955
    }
  },
  "density": {
    "n_with_distance": 89,
    "d_median_pc": 33.794657942974226,
    "d_max_pc": 1087.540496390058,
    "density_per_pc3": 0.0005504998845668024,
    "ratio_to_Y_dwarf_density": 0.5504998845668023
  },
  "y_dwarf_comparison": {
    "sample_size": 99,
    "known_y_count": 30,
    "sample_below_300K": 87.0,
    "ratio_to_known": 3.3,
    "mean_T_difference": -135.0891210749674
  }
}
